"","time","PDO","index"
"1","UTC","Normalized",""
"2","1950-01-01T00:00:00Z","-1.78","PDO"
"3","1950-02-01T00:00:00Z","-2.2","PDO"
"4","1950-03-01T00:00:00Z","-1.75","PDO"
"5","1950-04-01T00:00:00Z","-1.73","PDO"
"6","1950-05-01T00:00:00Z","-2.83","PDO"
"7","1950-06-01T00:00:00Z","-2.01","PDO"
"8","1950-07-01T00:00:00Z","-3.15","PDO"
"9","1950-08-01T00:00:00Z","-2.28","PDO"
"10","1950-09-01T00:00:00Z","-2.0","PDO"
"11","1950-10-01T00:00:00Z","-1.7","PDO"
"12","1950-11-01T00:00:00Z","-1.38","PDO"
"13","1950-12-01T00:00:00Z","-1.12","PDO"
"14","1951-01-01T00:00:00Z","-1.11","PDO"
"15","1951-02-01T00:00:00Z","-1.48","PDO"
"16","1951-03-01T00:00:00Z","-1.51","PDO"
"17","1951-04-01T00:00:00Z","-1.05","PDO"
"18","1951-05-01T00:00:00Z","-0.91","PDO"
"19","1951-06-01T00:00:00Z","-1.38","PDO"
"20","1951-07-01T00:00:00Z","-0.06","PDO"
"21","1951-08-01T00:00:00Z","-1.49","PDO"
"22","1951-09-01T00:00:00Z","-0.48","PDO"
"23","1951-10-01T00:00:00Z","-0.14","PDO"
"24","1951-11-01T00:00:00Z","-0.39","PDO"
"25","1951-12-01T00:00:00Z","-1.55","PDO"
"26","1952-01-01T00:00:00Z","-2.18","PDO"
"27","1952-02-01T00:00:00Z","-1.13","PDO"
"28","1952-03-01T00:00:00Z","-1.5","PDO"
"29","1952-04-01T00:00:00Z","-1.51","PDO"
"30","1952-05-01T00:00:00Z","-1.55","PDO"
"31","1952-06-01T00:00:00Z","-1.69","PDO"
"32","1952-07-01T00:00:00Z","-1.6","PDO"
"33","1952-08-01T00:00:00Z","-1.07","PDO"
"34","1952-09-01T00:00:00Z","-0.86","PDO"
"35","1952-10-01T00:00:00Z","-0.56","PDO"
"36","1952-11-01T00:00:00Z","-0.29","PDO"
"37","1952-12-01T00:00:00Z","-0.72","PDO"
"38","1953-01-01T00:00:00Z","-0.1","PDO"
"39","1953-02-01T00:00:00Z","-0.21","PDO"
"40","1953-03-01T00:00:00Z","-0.89","PDO"
"41","1953-04-01T00:00:00Z","-0.52","PDO"
"42","1953-05-01T00:00:00Z","-0.1","PDO"
"43","1953-06-01T00:00:00Z","-0.14","PDO"
"44","1953-07-01T00:00:00Z","0.23","PDO"
"45","1953-08-01T00:00:00Z","-0.74","PDO"
"46","1953-09-01T00:00:00Z","-0.84","PDO"
"47","1953-10-01T00:00:00Z","-1.06","PDO"
"48","1953-11-01T00:00:00Z","-0.31","PDO"
"49","1953-12-01T00:00:00Z","-0.09","PDO"
"50","1954-01-01T00:00:00Z","-1.03","PDO"
"51","1954-02-01T00:00:00Z","-0.74","PDO"
"52","1954-03-01T00:00:00Z","-0.8","PDO"
"53","1954-04-01T00:00:00Z","-1.05","PDO"
"54","1954-05-01T00:00:00Z","-0.54","PDO"
"55","1954-06-01T00:00:00Z","0.47","PDO"
"56","1954-07-01T00:00:00Z","-0.04","PDO"
"57","1954-08-01T00:00:00Z","-0.19","PDO"
"58","1954-09-01T00:00:00Z","-0.98","PDO"
"59","1954-10-01T00:00:00Z","0.04","PDO"
"60","1954-11-01T00:00:00Z","0.7","PDO"
"61","1954-12-01T00:00:00Z","0.23","PDO"
"62","1955-01-01T00:00:00Z","-0.19","PDO"
"63","1955-02-01T00:00:00Z","-0.9","PDO"
"64","1955-03-01T00:00:00Z","-1.1","PDO"
"65","1955-04-01T00:00:00Z","-1.99","PDO"
"66","1955-05-01T00:00:00Z","-1.54","PDO"
"67","1955-06-01T00:00:00Z","-2.0","PDO"
"68","1955-07-01T00:00:00Z","-2.52","PDO"
"69","1955-08-01T00:00:00Z","-2.43","PDO"
"70","1955-09-01T00:00:00Z","-2.25","PDO"
"71","1955-10-01T00:00:00Z","-3.14","PDO"
"72","1955-11-01T00:00:00Z","-2.45","PDO"
"73","1955-12-01T00:00:00Z","-2.18","PDO"
"74","1956-01-01T00:00:00Z","-2.11","PDO"
"75","1956-02-01T00:00:00Z","-2.1","PDO"
"76","1956-03-01T00:00:00Z","-2.64","PDO"
"77","1956-04-01T00:00:00Z","-2.36","PDO"
"78","1956-05-01T00:00:00Z","-1.54","PDO"
"79","1956-06-01T00:00:00Z","-2.17","PDO"
"80","1956-07-01T00:00:00Z","-1.58","PDO"
"81","1956-08-01T00:00:00Z","-0.94","PDO"
"82","1956-09-01T00:00:00Z","-0.28","PDO"
"83","1956-10-01T00:00:00Z","-1.62","PDO"
"84","1956-11-01T00:00:00Z","-2.21","PDO"
"85","1956-12-01T00:00:00Z","-1.34","PDO"
"86","1957-01-01T00:00:00Z","-1.42","PDO"
"87","1957-02-01T00:00:00Z","-1.52","PDO"
"88","1957-03-01T00:00:00Z","-0.72","PDO"
"89","1957-04-01T00:00:00Z","-0.56","PDO"
"90","1957-05-01T00:00:00Z","0.14","PDO"
"91","1957-06-01T00:00:00Z","1.25","PDO"
"92","1957-07-01T00:00:00Z","0.49","PDO"
"93","1957-08-01T00:00:00Z","0.38","PDO"
"94","1957-09-01T00:00:00Z","1.81","PDO"
"95","1957-10-01T00:00:00Z","1.43","PDO"
"96","1957-11-01T00:00:00Z","1.2","PDO"
"97","1957-12-01T00:00:00Z","0.24","PDO"
"98","1958-01-01T00:00:00Z","0.76","PDO"
"99","1958-02-01T00:00:00Z","1.09","PDO"
"100","1958-03-01T00:00:00Z","0.84","PDO"
"101","1958-04-01T00:00:00Z","0.84","PDO"
"102","1958-05-01T00:00:00Z","1.51","PDO"
"103","1958-06-01T00:00:00Z","1.48","PDO"
"104","1958-07-01T00:00:00Z","0.53","PDO"
"105","1958-08-01T00:00:00Z","1.17","PDO"
"106","1958-09-01T00:00:00Z","1.02","PDO"
"107","1958-10-01T00:00:00Z","0.43","PDO"
"108","1958-11-01T00:00:00Z","0.43","PDO"
"109","1958-12-01T00:00:00Z","1.18","PDO"
"110","1959-01-01T00:00:00Z","1.09","PDO"
"111","1959-02-01T00:00:00Z","0.55","PDO"
"112","1959-03-01T00:00:00Z","0.11","PDO"
"113","1959-04-01T00:00:00Z","0.03","PDO"
"114","1959-05-01T00:00:00Z","0.16","PDO"
"115","1959-06-01T00:00:00Z","0.2","PDO"
"116","1959-07-01T00:00:00Z","-0.24","PDO"
"117","1959-08-01T00:00:00Z","-0.19","PDO"
"118","1959-09-01T00:00:00Z","-0.38","PDO"
"119","1959-10-01T00:00:00Z","0.89","PDO"
"120","1959-11-01T00:00:00Z","1.14","PDO"
"121","1959-12-01T00:00:00Z","0.91","PDO"
"122","1960-01-01T00:00:00Z","0.32","PDO"
"123","1960-02-01T00:00:00Z","0.72","PDO"
"124","1960-03-01T00:00:00Z","0.51","PDO"
"125","1960-04-01T00:00:00Z","0.53","PDO"
"126","1960-05-01T00:00:00Z","0.75","PDO"
"127","1960-06-01T00:00:00Z","1.03","PDO"
"128","1960-07-01T00:00:00Z","-0.29","PDO"
"129","1960-08-01T00:00:00Z","0.03","PDO"
"130","1960-09-01T00:00:00Z","-0.68","PDO"
"131","1960-10-01T00:00:00Z","-0.17","PDO"
"132","1960-11-01T00:00:00Z","-0.01","PDO"
"133","1960-12-01T00:00:00Z","0.16","PDO"
"134","1961-01-01T00:00:00Z","1.02","PDO"
"135","1961-02-01T00:00:00Z","1.15","PDO"
"136","1961-03-01T00:00:00Z","1.01","PDO"
"137","1961-04-01T00:00:00Z","0.62","PDO"
"138","1961-05-01T00:00:00Z","-0.2","PDO"
"139","1961-06-01T00:00:00Z","-0.58","PDO"
"140","1961-07-01T00:00:00Z","-0.87","PDO"
"141","1961-08-01T00:00:00Z","-0.63","PDO"
"142","1961-09-01T00:00:00Z","-1.06","PDO"
"143","1961-10-01T00:00:00Z","-1.72","PDO"
"144","1961-11-01T00:00:00Z","-1.25","PDO"
"145","1961-12-01T00:00:00Z","-1.75","PDO"
"146","1962-01-01T00:00:00Z","-1.12","PDO"
"147","1962-02-01T00:00:00Z","-0.91","PDO"
"148","1962-03-01T00:00:00Z","-0.94","PDO"
"149","1962-04-01T00:00:00Z","-0.85","PDO"
"150","1962-05-01T00:00:00Z","-1.11","PDO"
"151","1962-06-01T00:00:00Z","-1.86","PDO"
"152","1962-07-01T00:00:00Z","-1.91","PDO"
"153","1962-08-01T00:00:00Z","-0.71","PDO"
"154","1962-09-01T00:00:00Z","-1.43","PDO"
"155","1962-10-01T00:00:00Z","-1.53","PDO"
"156","1962-11-01T00:00:00Z","-0.32","PDO"
"157","1962-12-01T00:00:00Z","-0.32","PDO"
"158","1963-01-01T00:00:00Z","-0.09","PDO"
"159","1963-02-01T00:00:00Z","-0.01","PDO"
"160","1963-03-01T00:00:00Z","-0.28","PDO"
"161","1963-04-01T00:00:00Z","-0.21","PDO"
"162","1963-05-01T00:00:00Z","-1.07","PDO"
"163","1963-06-01T00:00:00Z","-0.75","PDO"
"164","1963-07-01T00:00:00Z","-1.21","PDO"
"165","1963-08-01T00:00:00Z","-0.97","PDO"
"166","1963-09-01T00:00:00Z","1.03","PDO"
"167","1963-10-01T00:00:00Z","0.29","PDO"
"168","1963-11-01T00:00:00Z","-0.3","PDO"
"169","1963-12-01T00:00:00Z","0.4","PDO"
"170","1964-01-01T00:00:00Z","0.31","PDO"
"171","1964-02-01T00:00:00Z","0.21","PDO"
"172","1964-03-01T00:00:00Z","-0.53","PDO"
"173","1964-04-01T00:00:00Z","-1.04","PDO"
"174","1964-05-01T00:00:00Z","-2.08","PDO"
"175","1964-06-01T00:00:00Z","-0.86","PDO"
"176","1964-07-01T00:00:00Z","-0.95","PDO"
"177","1964-08-01T00:00:00Z","-1.42","PDO"
"178","1964-09-01T00:00:00Z","-1.12","PDO"
"179","1964-10-01T00:00:00Z","-0.58","PDO"
"180","1964-11-01T00:00:00Z","-0.68","PDO"
"181","1964-12-01T00:00:00Z","-0.81","PDO"
"182","1965-01-01T00:00:00Z","-1.07","PDO"
"183","1965-02-01T00:00:00Z","-0.55","PDO"
"184","1965-03-01T00:00:00Z","-0.15","PDO"
"185","1965-04-01T00:00:00Z","-0.01","PDO"
"186","1965-05-01T00:00:00Z","-0.48","PDO"
"187","1965-06-01T00:00:00Z","-0.71","PDO"
"188","1965-07-01T00:00:00Z","-0.65","PDO"
"189","1965-08-01T00:00:00Z","0.64","PDO"
"190","1965-09-01T00:00:00Z","0.94","PDO"
"191","1965-10-01T00:00:00Z","0.51","PDO"
"192","1965-11-01T00:00:00Z","0.46","PDO"
"193","1965-12-01T00:00:00Z","0.21","PDO"
"194","1966-01-01T00:00:00Z","-0.58","PDO"
"195","1966-02-01T00:00:00Z","-0.21","PDO"
"196","1966-03-01T00:00:00Z","-0.65","PDO"
"197","1966-04-01T00:00:00Z","-0.15","PDO"
"198","1966-05-01T00:00:00Z","-0.54","PDO"
"199","1966-06-01T00:00:00Z","-0.02","PDO"
"200","1966-07-01T00:00:00Z","0.1","PDO"
"201","1966-08-01T00:00:00Z","-0.03","PDO"
"202","1966-09-01T00:00:00Z","-0.07","PDO"
"203","1966-10-01T00:00:00Z","-0.36","PDO"
"204","1966-11-01T00:00:00Z","-0.62","PDO"
"205","1966-12-01T00:00:00Z","-0.24","PDO"
"206","1967-01-01T00:00:00Z","-0.28","PDO"
"207","1967-02-01T00:00:00Z","-0.19","PDO"
"208","1967-03-01T00:00:00Z","-0.64","PDO"
"209","1967-04-01T00:00:00Z","-0.94","PDO"
"210","1967-05-01T00:00:00Z","-1.54","PDO"
"211","1967-06-01T00:00:00Z","-1.52","PDO"
"212","1967-07-01T00:00:00Z","-1.39","PDO"
"213","1967-08-01T00:00:00Z","-1.66","PDO"
"214","1967-09-01T00:00:00Z","-0.68","PDO"
"215","1967-10-01T00:00:00Z","-0.09","PDO"
"216","1967-11-01T00:00:00Z","0.06","PDO"
"217","1967-12-01T00:00:00Z","-0.9","PDO"
"218","1968-01-01T00:00:00Z","-0.85","PDO"
"219","1968-02-01T00:00:00Z","-0.32","PDO"
"220","1968-03-01T00:00:00Z","-0.0","PDO"
"221","1968-04-01T00:00:00Z","-0.61","PDO"
"222","1968-05-01T00:00:00Z","-0.7","PDO"
"223","1968-06-01T00:00:00Z","-0.07","PDO"
"224","1968-07-01T00:00:00Z","0.48","PDO"
"225","1968-08-01T00:00:00Z","0.14","PDO"
"226","1968-09-01T00:00:00Z","0.33","PDO"
"227","1968-10-01T00:00:00Z","0.08","PDO"
"228","1968-11-01T00:00:00Z","0.27","PDO"
"229","1968-12-01T00:00:00Z","0.04","PDO"
"230","1969-01-01T00:00:00Z","-0.34","PDO"
"231","1969-02-01T00:00:00Z","-0.65","PDO"
"232","1969-03-01T00:00:00Z","-0.51","PDO"
"233","1969-04-01T00:00:00Z","-0.41","PDO"
"234","1969-05-01T00:00:00Z","-0.38","PDO"
"235","1969-06-01T00:00:00Z","1.03","PDO"
"236","1969-07-01T00:00:00Z","-0.2","PDO"
"237","1969-08-01T00:00:00Z","-0.57","PDO"
"238","1969-09-01T00:00:00Z","-0.68","PDO"
"239","1969-10-01T00:00:00Z","1.27","PDO"
"240","1969-11-01T00:00:00Z","0.85","PDO"
"241","1969-12-01T00:00:00Z","1.27","PDO"
"242","1970-01-01T00:00:00Z","1.31","PDO"
"243","1970-02-01T00:00:00Z","1.28","PDO"
"244","1970-03-01T00:00:00Z","1.48","PDO"
"245","1970-04-01T00:00:00Z","0.6","PDO"
"246","1970-05-01T00:00:00Z","-0.58","PDO"
"247","1970-06-01T00:00:00Z","-0.09","PDO"
"248","1970-07-01T00:00:00Z","-0.66","PDO"
"249","1970-08-01T00:00:00Z","-1.39","PDO"
"250","1970-09-01T00:00:00Z","-1.39","PDO"
"251","1970-10-01T00:00:00Z","-1.08","PDO"
"252","1970-11-01T00:00:00Z","-0.84","PDO"
"253","1970-12-01T00:00:00Z","-1.01","PDO"
"254","1971-01-01T00:00:00Z","-1.26","PDO"
"255","1971-02-01T00:00:00Z","-1.38","PDO"
"256","1971-03-01T00:00:00Z","-1.31","PDO"
"257","1971-04-01T00:00:00Z","-1.37","PDO"
"258","1971-05-01T00:00:00Z","-1.32","PDO"
"259","1971-06-01T00:00:00Z","-1.57","PDO"
"260","1971-07-01T00:00:00Z","-2.09","PDO"
"261","1971-08-01T00:00:00Z","-0.17","PDO"
"262","1971-09-01T00:00:00Z","0.18","PDO"
"263","1971-10-01T00:00:00Z","-0.04","PDO"
"264","1971-11-01T00:00:00Z","-1.14","PDO"
"265","1971-12-01T00:00:00Z","-1.82","PDO"
"266","1972-01-01T00:00:00Z","-1.88","PDO"
"267","1972-02-01T00:00:00Z","-1.59","PDO"
"268","1972-03-01T00:00:00Z","-1.23","PDO"
"269","1972-04-01T00:00:00Z","-1.33","PDO"
"270","1972-05-01T00:00:00Z","-1.81","PDO"
"271","1972-06-01T00:00:00Z","-1.64","PDO"
"272","1972-07-01T00:00:00Z","-1.21","PDO"
"273","1972-08-01T00:00:00Z","0.21","PDO"
"274","1972-09-01T00:00:00Z","0.26","PDO"
"275","1972-10-01T00:00:00Z","0.23","PDO"
"276","1972-11-01T00:00:00Z","0.26","PDO"
"277","1972-12-01T00:00:00Z","-0.09","PDO"
"278","1973-01-01T00:00:00Z","0.18","PDO"
"279","1973-02-01T00:00:00Z","-0.07","PDO"
"280","1973-03-01T00:00:00Z","-0.32","PDO"
"281","1973-04-01T00:00:00Z","-0.74","PDO"
"282","1973-05-01T00:00:00Z","-0.94","PDO"
"283","1973-06-01T00:00:00Z","-0.98","PDO"
"284","1973-07-01T00:00:00Z","-0.71","PDO"
"285","1973-08-01T00:00:00Z","-0.77","PDO"
"286","1973-09-01T00:00:00Z","-0.36","PDO"
"287","1973-10-01T00:00:00Z","-0.8","PDO"
"288","1973-11-01T00:00:00Z","-1.13","PDO"
"289","1973-12-01T00:00:00Z","-0.91","PDO"
"290","1974-01-01T00:00:00Z","-0.87","PDO"
"291","1974-02-01T00:00:00Z","-1.31","PDO"
"292","1974-03-01T00:00:00Z","-1.06","PDO"
"293","1974-04-01T00:00:00Z","-0.5","PDO"
"294","1974-05-01T00:00:00Z","-0.52","PDO"
"295","1974-06-01T00:00:00Z","-0.42","PDO"
"296","1974-07-01T00:00:00Z","0.12","PDO"
"297","1974-08-01T00:00:00Z","0.07","PDO"
"298","1974-09-01T00:00:00Z","0.66","PDO"
"299","1974-10-01T00:00:00Z","0.15","PDO"
"300","1974-11-01T00:00:00Z","0.57","PDO"
"301","1974-12-01T00:00:00Z","0.18","PDO"
"302","1975-01-01T00:00:00Z","-0.54","PDO"
"303","1975-02-01T00:00:00Z","-0.68","PDO"
"304","1975-03-01T00:00:00Z","-0.74","PDO"
"305","1975-04-01T00:00:00Z","-1.43","PDO"
"306","1975-05-01T00:00:00Z","-1.66","PDO"
"307","1975-06-01T00:00:00Z","-1.35","PDO"
"308","1975-07-01T00:00:00Z","-0.58","PDO"
"309","1975-08-01T00:00:00Z","-0.95","PDO"
"310","1975-09-01T00:00:00Z","-1.16","PDO"
"311","1975-10-01T00:00:00Z","-1.34","PDO"
"312","1975-11-01T00:00:00Z","-1.49","PDO"
"313","1975-12-01T00:00:00Z","-1.53","PDO"
"314","1976-01-01T00:00:00Z","-1.11","PDO"
"315","1976-02-01T00:00:00Z","-0.91","PDO"
"316","1976-03-01T00:00:00Z","-1.02","PDO"
"317","1976-04-01T00:00:00Z","-0.96","PDO"
"318","1976-05-01T00:00:00Z","-0.73","PDO"
"319","1976-06-01T00:00:00Z","-1.01","PDO"
"320","1976-07-01T00:00:00Z","0.59","PDO"
"321","1976-08-01T00:00:00Z","1.43","PDO"
"322","1976-09-01T00:00:00Z","0.99","PDO"
"323","1976-10-01T00:00:00Z","1.48","PDO"
"324","1976-11-01T00:00:00Z","1.55","PDO"
"325","1976-12-01T00:00:00Z","1.32","PDO"
"326","1977-01-01T00:00:00Z","1.42","PDO"
"327","1977-02-01T00:00:00Z","1.72","PDO"
"328","1977-03-01T00:00:00Z","1.01","PDO"
"329","1977-04-01T00:00:00Z","0.3","PDO"
"330","1977-05-01T00:00:00Z","0.06","PDO"
"331","1977-06-01T00:00:00Z","0.28","PDO"
"332","1977-07-01T00:00:00Z","0.34","PDO"
"333","1977-08-01T00:00:00Z","0.35","PDO"
"334","1977-09-01T00:00:00Z","-0.32","PDO"
"335","1977-10-01T00:00:00Z","-0.48","PDO"
"336","1977-11-01T00:00:00Z","0.06","PDO"
"337","1977-12-01T00:00:00Z","0.16","PDO"
"338","1978-01-01T00:00:00Z","0.77","PDO"
"339","1978-02-01T00:00:00Z","1.06","PDO"
"340","1978-03-01T00:00:00Z","1.51","PDO"
"341","1978-04-01T00:00:00Z","1.29","PDO"
"342","1978-05-01T00:00:00Z","1.05","PDO"
"343","1978-06-01T00:00:00Z","0.54","PDO"
"344","1978-07-01T00:00:00Z","-1.21","PDO"
"345","1978-08-01T00:00:00Z","-0.45","PDO"
"346","1978-09-01T00:00:00Z","-0.47","PDO"
"347","1978-10-01T00:00:00Z","0.19","PDO"
"348","1978-11-01T00:00:00Z","0.09","PDO"
"349","1978-12-01T00:00:00Z","-0.48","PDO"
"350","1979-01-01T00:00:00Z","-0.17","PDO"
"351","1979-02-01T00:00:00Z","-0.88","PDO"
"352","1979-03-01T00:00:00Z","-0.22","PDO"
"353","1979-04-01T00:00:00Z","0.23","PDO"
"354","1979-05-01T00:00:00Z","0.87","PDO"
"355","1979-06-01T00:00:00Z","0.4","PDO"
"356","1979-07-01T00:00:00Z","0.53","PDO"
"357","1979-08-01T00:00:00Z","0.37","PDO"
"358","1979-09-01T00:00:00Z","1.08","PDO"
"359","1979-10-01T00:00:00Z","1.45","PDO"
"360","1979-11-01T00:00:00Z","0.8","PDO"
"361","1979-12-01T00:00:00Z","0.39","PDO"
"362","1980-01-01T00:00:00Z","0.45","PDO"
"363","1980-02-01T00:00:00Z","1.06","PDO"
"364","1980-03-01T00:00:00Z","1.16","PDO"
"365","1980-04-01T00:00:00Z","1.4","PDO"
"366","1980-05-01T00:00:00Z","1.39","PDO"
"367","1980-06-01T00:00:00Z","-0.27","PDO"
"368","1980-07-01T00:00:00Z","0.22","PDO"
"369","1980-08-01T00:00:00Z","0.28","PDO"
"370","1980-09-01T00:00:00Z","0.15","PDO"
"371","1980-10-01T00:00:00Z","1.44","PDO"
"372","1980-11-01T00:00:00Z","1.03","PDO"
"373","1980-12-01T00:00:00Z","0.6","PDO"
"374","1981-01-01T00:00:00Z","1.29","PDO"
"375","1981-02-01T00:00:00Z","1.43","PDO"
"376","1981-03-01T00:00:00Z","1.62","PDO"
"377","1981-04-01T00:00:00Z","1.46","PDO"
"378","1981-05-01T00:00:00Z","1.58","PDO"
"379","1981-06-01T00:00:00Z","1.88","PDO"
"380","1981-07-01T00:00:00Z","1.14","PDO"
"381","1981-08-01T00:00:00Z","0.36","PDO"
"382","1981-09-01T00:00:00Z","0.74","PDO"
"383","1981-10-01T00:00:00Z","0.02","PDO"
"384","1981-11-01T00:00:00Z","0.64","PDO"
"385","1981-12-01T00:00:00Z","0.87","PDO"
"386","1982-01-01T00:00:00Z","0.31","PDO"
"387","1982-02-01T00:00:00Z","0.02","PDO"
"388","1982-03-01T00:00:00Z","0.09","PDO"
"389","1982-04-01T00:00:00Z","-0.19","PDO"
"390","1982-05-01T00:00:00Z","-0.6","PDO"
"391","1982-06-01T00:00:00Z","-0.61","PDO"
"392","1982-07-01T00:00:00Z","0.67","PDO"
"393","1982-08-01T00:00:00Z","0.62","PDO"
"394","1982-09-01T00:00:00Z","1.06","PDO"
"395","1982-10-01T00:00:00Z","0.6","PDO"
"396","1982-11-01T00:00:00Z","-0.19","PDO"
"397","1982-12-01T00:00:00Z","0.42","PDO"
"398","1983-01-01T00:00:00Z","0.75","PDO"
"399","1983-02-01T00:00:00Z","1.48","PDO"
"400","1983-03-01T00:00:00Z","2.24","PDO"
"401","1983-04-01T00:00:00Z","1.92","PDO"
"402","1983-05-01T00:00:00Z","1.61","PDO"
"403","1983-06-01T00:00:00Z","2.23","PDO"
"404","1983-07-01T00:00:00Z","2.88","PDO"
"405","1983-08-01T00:00:00Z","1.77","PDO"
"406","1983-09-01T00:00:00Z","0.9","PDO"
"407","1983-10-01T00:00:00Z","0.97","PDO"
"408","1983-11-01T00:00:00Z","1.35","PDO"
"409","1983-12-01T00:00:00Z","1.71","PDO"
"410","1984-01-01T00:00:00Z","1.42","PDO"
"411","1984-02-01T00:00:00Z","1.36","PDO"
"412","1984-03-01T00:00:00Z","1.76","PDO"
"413","1984-04-01T00:00:00Z","1.32","PDO"
"414","1984-05-01T00:00:00Z","1.19","PDO"
"415","1984-06-01T00:00:00Z","-0.01","PDO"
"416","1984-07-01T00:00:00Z","0.13","PDO"
"417","1984-08-01T00:00:00Z","0.58","PDO"
"418","1984-09-01T00:00:00Z","0.6","PDO"
"419","1984-10-01T00:00:00Z","0.67","PDO"
"420","1984-11-01T00:00:00Z","0.61","PDO"
"421","1984-12-01T00:00:00Z","0.51","PDO"
"422","1985-01-01T00:00:00Z","0.87","PDO"
"423","1985-02-01T00:00:00Z","0.61","PDO"
"424","1985-03-01T00:00:00Z","0.05","PDO"
"425","1985-04-01T00:00:00Z","-0.07","PDO"
"426","1985-05-01T00:00:00Z","-0.21","PDO"
"427","1985-06-01T00:00:00Z","0.41","PDO"
"428","1985-07-01T00:00:00Z","0.92","PDO"
"429","1985-08-01T00:00:00Z","0.75","PDO"
"430","1985-09-01T00:00:00Z","0.58","PDO"
"431","1985-10-01T00:00:00Z","0.43","PDO"
"432","1985-11-01T00:00:00Z","-0.63","PDO"
"433","1985-12-01T00:00:00Z","0.29","PDO"
"434","1986-01-01T00:00:00Z","1.06","PDO"
"435","1986-02-01T00:00:00Z","1.65","PDO"
"436","1986-03-01T00:00:00Z","1.89","PDO"
"437","1986-04-01T00:00:00Z","1.4","PDO"
"438","1986-05-01T00:00:00Z","1.06","PDO"
"439","1986-06-01T00:00:00Z","0.88","PDO"
"440","1986-07-01T00:00:00Z","1.51","PDO"
"441","1986-08-01T00:00:00Z","0.35","PDO"
"442","1986-09-01T00:00:00Z","0.41","PDO"
"443","1986-10-01T00:00:00Z","1.14","PDO"
"444","1986-11-01T00:00:00Z","1.64","PDO"
"445","1986-12-01T00:00:00Z","1.64","PDO"
"446","1987-01-01T00:00:00Z","1.67","PDO"
"447","1987-02-01T00:00:00Z","1.92","PDO"
"448","1987-03-01T00:00:00Z","1.89","PDO"
"449","1987-04-01T00:00:00Z","2.01","PDO"
"450","1987-05-01T00:00:00Z","1.64","PDO"
"451","1987-06-01T00:00:00Z","0.84","PDO"
"452","1987-07-01T00:00:00Z","2.36","PDO"
"453","1987-08-01T00:00:00Z","2.63","PDO"
"454","1987-09-01T00:00:00Z","2.32","PDO"
"455","1987-10-01T00:00:00Z","1.45","PDO"
"456","1987-11-01T00:00:00Z","1.42","PDO"
"457","1987-12-01T00:00:00Z","1.38","PDO"
"458","1988-01-01T00:00:00Z","0.86","PDO"
"459","1988-02-01T00:00:00Z","1.13","PDO"
"460","1988-03-01T00:00:00Z","1.22","PDO"
"461","1988-04-01T00:00:00Z","1.02","PDO"
"462","1988-05-01T00:00:00Z","1.0","PDO"
"463","1988-06-01T00:00:00Z","0.79","PDO"
"464","1988-07-01T00:00:00Z","0.53","PDO"
"465","1988-08-01T00:00:00Z","-0.11","PDO"
"466","1988-09-01T00:00:00Z","-0.18","PDO"
"467","1988-10-01T00:00:00Z","0.04","PDO"
"468","1988-11-01T00:00:00Z","0.08","PDO"
"469","1988-12-01T00:00:00Z","-0.06","PDO"
"470","1989-01-01T00:00:00Z","-0.96","PDO"
"471","1989-02-01T00:00:00Z","-1.13","PDO"
"472","1989-03-01T00:00:00Z","-0.79","PDO"
"473","1989-04-01T00:00:00Z","0.04","PDO"
"474","1989-05-01T00:00:00Z","0.1","PDO"
"475","1989-06-01T00:00:00Z","0.18","PDO"
"476","1989-07-01T00:00:00Z","0.81","PDO"
"477","1989-08-01T00:00:00Z","-0.08","PDO"
"478","1989-09-01T00:00:00Z","-0.32","PDO"
"479","1989-10-01T00:00:00Z","-0.42","PDO"
"480","1989-11-01T00:00:00Z","-0.73","PDO"
"481","1989-12-01T00:00:00Z","-0.06","PDO"
"482","1990-01-01T00:00:00Z","-0.32","PDO"
"483","1990-02-01T00:00:00Z","-0.71","PDO"
"484","1990-03-01T00:00:00Z","-0.54","PDO"
"485","1990-04-01T00:00:00Z","0.36","PDO"
"486","1990-05-01T00:00:00Z","0.13","PDO"
"487","1990-06-01T00:00:00Z","0.01","PDO"
"488","1990-07-01T00:00:00Z","0.11","PDO"
"489","1990-08-01T00:00:00Z","0.1","PDO"
"490","1990-09-01T00:00:00Z","0.14","PDO"
"491","1990-10-01T00:00:00Z","-0.68","PDO"
"492","1990-11-01T00:00:00Z","-1.57","PDO"
"493","1990-12-01T00:00:00Z","-1.93","PDO"
"494","1991-01-01T00:00:00Z","-1.57","PDO"
"495","1991-02-01T00:00:00Z","-0.76","PDO"
"496","1991-03-01T00:00:00Z","-0.63","PDO"
"497","1991-04-01T00:00:00Z","-1.04","PDO"
"498","1991-05-01T00:00:00Z","-1.04","PDO"
"499","1991-06-01T00:00:00Z","-1.87","PDO"
"500","1991-07-01T00:00:00Z","-1.22","PDO"
"501","1991-08-01T00:00:00Z","-0.14","PDO"
"502","1991-09-01T00:00:00Z","0.74","PDO"
"503","1991-10-01T00:00:00Z","0.46","PDO"
"504","1991-11-01T00:00:00Z","0.37","PDO"
"505","1991-12-01T00:00:00Z","-0.14","PDO"
"506","1992-01-01T00:00:00Z","0.3","PDO"
"507","1992-02-01T00:00:00Z","0.46","PDO"
"508","1992-03-01T00:00:00Z","0.47","PDO"
"509","1992-04-01T00:00:00Z","0.92","PDO"
"510","1992-05-01T00:00:00Z","1.59","PDO"
"511","1992-06-01T00:00:00Z","1.38","PDO"
"512","1992-07-01T00:00:00Z","1.72","PDO"
"513","1992-08-01T00:00:00Z","1.24","PDO"
"514","1992-09-01T00:00:00Z","0.83","PDO"
"515","1992-10-01T00:00:00Z","1.41","PDO"
"516","1992-11-01T00:00:00Z","1.29","PDO"
"517","1992-12-01T00:00:00Z","0.51","PDO"
"518","1993-01-01T00:00:00Z","0.02","PDO"
"519","1993-02-01T00:00:00Z","0.41","PDO"
"520","1993-03-01T00:00:00Z","0.69","PDO"
"521","1993-04-01T00:00:00Z","1.32","PDO"
"522","1993-05-01T00:00:00Z","2.17","PDO"
"523","1993-06-01T00:00:00Z","2.24","PDO"
"524","1993-07-01T00:00:00Z","1.7","PDO"
"525","1993-08-01T00:00:00Z","2.27","PDO"
"526","1993-09-01T00:00:00Z","1.58","PDO"
"527","1993-10-01T00:00:00Z","1.46","PDO"
"528","1993-11-01T00:00:00Z","1.08","PDO"
"529","1993-12-01T00:00:00Z","0.75","PDO"
"530","1994-01-01T00:00:00Z","0.97","PDO"
"531","1994-02-01T00:00:00Z","0.51","PDO"
"532","1994-03-01T00:00:00Z","0.59","PDO"
"533","1994-04-01T00:00:00Z","0.87","PDO"
"534","1994-05-01T00:00:00Z","0.83","PDO"
"535","1994-06-01T00:00:00Z","0.18","PDO"
"536","1994-07-01T00:00:00Z","-0.67","PDO"
"537","1994-08-01T00:00:00Z","-0.54","PDO"
"538","1994-09-01T00:00:00Z","-1.12","PDO"
"539","1994-10-01T00:00:00Z","-0.68","PDO"
"540","1994-11-01T00:00:00Z","-1.55","PDO"
"541","1994-12-01T00:00:00Z","-1.87","PDO"
"542","1995-01-01T00:00:00Z","-0.37","PDO"
"543","1995-02-01T00:00:00Z","0.57","PDO"
"544","1995-03-01T00:00:00Z","0.95","PDO"
"545","1995-04-01T00:00:00Z","1.04","PDO"
"546","1995-05-01T00:00:00Z","1.33","PDO"
"547","1995-06-01T00:00:00Z","1.5","PDO"
"548","1995-07-01T00:00:00Z","1.62","PDO"
"549","1995-08-01T00:00:00Z","0.61","PDO"
"550","1995-09-01T00:00:00Z","1.56","PDO"
"551","1995-10-01T00:00:00Z","0.96","PDO"
"552","1995-11-01T00:00:00Z","0.29","PDO"
"553","1995-12-01T00:00:00Z","0.41","PDO"
"554","1996-01-01T00:00:00Z","0.89","PDO"
"555","1996-02-01T00:00:00Z","1.08","PDO"
"556","1996-03-01T00:00:00Z","1.13","PDO"
"557","1996-04-01T00:00:00Z","1.52","PDO"
"558","1996-05-01T00:00:00Z","2.15","PDO"
"559","1996-06-01T00:00:00Z","1.12","PDO"
"560","1996-07-01T00:00:00Z","0.67","PDO"
"561","1996-08-01T00:00:00Z","-0.27","PDO"
"562","1996-09-01T00:00:00Z","0.41","PDO"
"563","1996-10-01T00:00:00Z","0.62","PDO"
"564","1996-11-01T00:00:00Z","0.51","PDO"
"565","1996-12-01T00:00:00Z","0.11","PDO"
"566","1997-01-01T00:00:00Z","0.72","PDO"
"567","1997-02-01T00:00:00Z","0.59","PDO"
"568","1997-03-01T00:00:00Z","0.84","PDO"
"569","1997-04-01T00:00:00Z","1.07","PDO"
"570","1997-05-01T00:00:00Z","1.84","PDO"
"571","1997-06-01T00:00:00Z","2.6","PDO"
"572","1997-07-01T00:00:00Z","1.72","PDO"
"573","1997-08-01T00:00:00Z","2.56","PDO"
"574","1997-09-01T00:00:00Z","2.0","PDO"
"575","1997-10-01T00:00:00Z","2.12","PDO"
"576","1997-11-01T00:00:00Z","1.69","PDO"
"577","1997-12-01T00:00:00Z","1.46","PDO"
"578","1998-01-01T00:00:00Z","1.61","PDO"
"579","1998-02-01T00:00:00Z","2.19","PDO"
"580","1998-03-01T00:00:00Z","2.03","PDO"
"581","1998-04-01T00:00:00Z","0.94","PDO"
"582","1998-05-01T00:00:00Z","0.22","PDO"
"583","1998-06-01T00:00:00Z","-0.03","PDO"
"584","1998-07-01T00:00:00Z","-0.39","PDO"
"585","1998-08-01T00:00:00Z","0.09","PDO"
"586","1998-09-01T00:00:00Z","-0.69","PDO"
"587","1998-10-01T00:00:00Z","-1.51","PDO"
"588","1998-11-01T00:00:00Z","-0.42","PDO"
"589","1998-12-01T00:00:00Z","-0.53","PDO"
"590","1999-01-01T00:00:00Z","-0.35","PDO"
"591","1999-02-01T00:00:00Z","-0.5","PDO"
"592","1999-03-01T00:00:00Z","-0.37","PDO"
"593","1999-04-01T00:00:00Z","-1.05","PDO"
"594","1999-05-01T00:00:00Z","-1.56","PDO"
"595","1999-06-01T00:00:00Z","-1.76","PDO"
"596","1999-07-01T00:00:00Z","-1.1","PDO"
"597","1999-08-01T00:00:00Z","-1.08","PDO"
"598","1999-09-01T00:00:00Z","-1.29","PDO"
"599","1999-10-01T00:00:00Z","-1.92","PDO"
"600","1999-11-01T00:00:00Z","-1.73","PDO"
"601","1999-12-01T00:00:00Z","-1.46","PDO"
"602","2000-01-01T00:00:00Z","-1.7","PDO"
"603","2000-02-01T00:00:00Z","-0.7","PDO"
"604","2000-03-01T00:00:00Z","-0.03","PDO"
"605","2000-04-01T00:00:00Z","-0.05","PDO"
"606","2000-05-01T00:00:00Z","-0.26","PDO"
"607","2000-06-01T00:00:00Z","-0.38","PDO"
"608","2000-07-01T00:00:00Z","-1.03","PDO"
"609","2000-08-01T00:00:00Z","-1.1","PDO"
"610","2000-09-01T00:00:00Z","-0.87","PDO"
"611","2000-10-01T00:00:00Z","-1.13","PDO"
"612","2000-11-01T00:00:00Z","-0.66","PDO"
"613","2000-12-01T00:00:00Z","0.2","PDO"
"614","2001-01-01T00:00:00Z","0.85","PDO"
"615","2001-02-01T00:00:00Z","0.52","PDO"
"616","2001-03-01T00:00:00Z","0.37","PDO"
"617","2001-04-01T00:00:00Z","-0.48","PDO"
"618","2001-05-01T00:00:00Z","-0.38","PDO"
"619","2001-06-01T00:00:00Z","-0.65","PDO"
"620","2001-07-01T00:00:00Z","-1.59","PDO"
"621","2001-08-01T00:00:00Z","-0.87","PDO"
"622","2001-09-01T00:00:00Z","-1.09","PDO"
"623","2001-10-01T00:00:00Z","-1.02","PDO"
"624","2001-11-01T00:00:00Z","-0.54","PDO"
"625","2001-12-01T00:00:00Z","-0.49","PDO"
"626","2002-01-01T00:00:00Z","0.27","PDO"
"627","2002-02-01T00:00:00Z","-0.56","PDO"
"628","2002-03-01T00:00:00Z","-0.29","PDO"
"629","2002-04-01T00:00:00Z","-0.44","PDO"
"630","2002-05-01T00:00:00Z","-0.82","PDO"
"631","2002-06-01T00:00:00Z","-0.7","PDO"
"632","2002-07-01T00:00:00Z","-0.18","PDO"
"633","2002-08-01T00:00:00Z","0.51","PDO"
"634","2002-09-01T00:00:00Z","0.25","PDO"
"635","2002-10-01T00:00:00Z","0.27","PDO"
"636","2002-11-01T00:00:00Z","1.29","PDO"
"637","2002-12-01T00:00:00Z","1.89","PDO"
"638","2003-01-01T00:00:00Z","1.94","PDO"
"639","2003-02-01T00:00:00Z","1.75","PDO"
"640","2003-03-01T00:00:00Z","1.68","PDO"
"641","2003-04-01T00:00:00Z","0.91","PDO"
"642","2003-05-01T00:00:00Z","0.59","PDO"
"643","2003-06-01T00:00:00Z","-0.1","PDO"
"644","2003-07-01T00:00:00Z","0.71","PDO"
"645","2003-08-01T00:00:00Z","1.08","PDO"
"646","2003-09-01T00:00:00Z","0.26","PDO"
"647","2003-10-01T00:00:00Z","1.05","PDO"
"648","2003-11-01T00:00:00Z","-0.01","PDO"
"649","2003-12-01T00:00:00Z","-0.19","PDO"
"650","2004-01-01T00:00:00Z","-0.06","PDO"
"651","2004-02-01T00:00:00Z","0.36","PDO"
"652","2004-03-01T00:00:00Z","0.47","PDO"
"653","2004-04-01T00:00:00Z","0.52","PDO"
"654","2004-05-01T00:00:00Z","0.8","PDO"
"655","2004-06-01T00:00:00Z","-0.26","PDO"
"656","2004-07-01T00:00:00Z","-0.02","PDO"
"657","2004-08-01T00:00:00Z","0.43","PDO"
"658","2004-09-01T00:00:00Z","0.23","PDO"
"659","2004-10-01T00:00:00Z","-0.4","PDO"
"660","2004-11-01T00:00:00Z","-0.94","PDO"
"661","2004-12-01T00:00:00Z","-0.39","PDO"
"662","2005-01-01T00:00:00Z","0.11","PDO"
"663","2005-02-01T00:00:00Z","0.38","PDO"
"664","2005-03-01T00:00:00Z","1.13","PDO"
"665","2005-04-01T00:00:00Z","0.72","PDO"
"666","2005-05-01T00:00:00Z","1.49","PDO"
"667","2005-06-01T00:00:00Z","0.83","PDO"
"668","2005-07-01T00:00:00Z","0.17","PDO"
"669","2005-08-01T00:00:00Z","0.04","PDO"
"670","2005-09-01T00:00:00Z","-0.6","PDO"
"671","2005-10-01T00:00:00Z","-1.58","PDO"
"672","2005-11-01T00:00:00Z","-1.57","PDO"
"673","2005-12-01T00:00:00Z","0.1","PDO"
"674","2006-01-01T00:00:00Z","0.85","PDO"
"675","2006-02-01T00:00:00Z","0.9","PDO"
"676","2006-03-01T00:00:00Z","-0.04","PDO"
"677","2006-04-01T00:00:00Z","0.15","PDO"
"678","2006-05-01T00:00:00Z","0.35","PDO"
"679","2006-06-01T00:00:00Z","0.52","PDO"
"680","2006-07-01T00:00:00Z","0.84","PDO"
"681","2006-08-01T00:00:00Z","-0.14","PDO"
"682","2006-09-01T00:00:00Z","-0.93","PDO"
"683","2006-10-01T00:00:00Z","-0.12","PDO"
"684","2006-11-01T00:00:00Z","-0.43","PDO"
"685","2006-12-01T00:00:00Z","0.01","PDO"
"686","2007-01-01T00:00:00Z","-0.11","PDO"
"687","2007-02-01T00:00:00Z","-0.03","PDO"
"688","2007-03-01T00:00:00Z","-0.34","PDO"
"689","2007-04-01T00:00:00Z","0.22","PDO"
"690","2007-05-01T00:00:00Z","0.3","PDO"
"691","2007-06-01T00:00:00Z","0.33","PDO"
"692","2007-07-01T00:00:00Z","0.95","PDO"
"693","2007-08-01T00:00:00Z","0.54","PDO"
"694","2007-09-01T00:00:00Z","-0.49","PDO"
"695","2007-10-01T00:00:00Z","-1.86","PDO"
"696","2007-11-01T00:00:00Z","-1.16","PDO"
"697","2007-12-01T00:00:00Z","-0.69","PDO"
"698","2008-01-01T00:00:00Z","-1.13","PDO"
"699","2008-02-01T00:00:00Z","-0.99","PDO"
"700","2008-03-01T00:00:00Z","-0.65","PDO"
"701","2008-04-01T00:00:00Z","-1.14","PDO"
"702","2008-05-01T00:00:00Z","-0.95","PDO"
"703","2008-06-01T00:00:00Z","-1.48","PDO"
"704","2008-07-01T00:00:00Z","-1.28","PDO"
"705","2008-08-01T00:00:00Z","-1.0","PDO"
"706","2008-09-01T00:00:00Z","-1.18","PDO"
"707","2008-10-01T00:00:00Z","-1.33","PDO"
"708","2008-11-01T00:00:00Z","-1.2","PDO"
"709","2008-12-01T00:00:00Z","-1.03","PDO"
"710","2009-01-01T00:00:00Z","-1.5","PDO"
"711","2009-02-01T00:00:00Z","-1.31","PDO"
"712","2009-03-01T00:00:00Z","-1.42","PDO"
"713","2009-04-01T00:00:00Z","-1.51","PDO"
"714","2009-05-01T00:00:00Z","-0.75","PDO"
"715","2009-06-01T00:00:00Z","-0.44","PDO"
"716","2009-07-01T00:00:00Z","-0.18","PDO"
"717","2009-08-01T00:00:00Z","0.17","PDO"
"718","2009-09-01T00:00:00Z","1.01","PDO"
"719","2009-10-01T00:00:00Z","0.43","PDO"
"720","2009-11-01T00:00:00Z","-0.45","PDO"
"721","2009-12-01T00:00:00Z","0.08","PDO"
"722","2010-01-01T00:00:00Z","0.64","PDO"
"723","2010-02-01T00:00:00Z","0.96","PDO"
"724","2010-03-01T00:00:00Z","0.72","PDO"
"725","2010-04-01T00:00:00Z","0.84","PDO"
"726","2010-05-01T00:00:00Z","0.57","PDO"
"727","2010-06-01T00:00:00Z","-0.15","PDO"
"728","2010-07-01T00:00:00Z","-1.3","PDO"
"729","2010-08-01T00:00:00Z","-1.42","PDO"
"730","2010-09-01T00:00:00Z","-1.75","PDO"
"731","2010-10-01T00:00:00Z","-0.94","PDO"
"732","2010-11-01T00:00:00Z","-1.04","PDO"
"733","2010-12-01T00:00:00Z","-1.64","PDO"
"734","2011-01-01T00:00:00Z","-1.39","PDO"
"735","2011-02-01T00:00:00Z","-0.99","PDO"
"736","2011-03-01T00:00:00Z","-0.7","PDO"
"737","2011-04-01T00:00:00Z","-0.54","PDO"
"738","2011-05-01T00:00:00Z","-0.45","PDO"
"739","2011-06-01T00:00:00Z","-0.99","PDO"
"740","2011-07-01T00:00:00Z","-1.86","PDO"
"741","2011-08-01T00:00:00Z","-1.83","PDO"
"742","2011-09-01T00:00:00Z","-1.82","PDO"
"743","2011-10-01T00:00:00Z","-1.43","PDO"
"744","2011-11-01T00:00:00Z","-2.53","PDO"
"745","2011-12-01T00:00:00Z","-2.19","PDO"
"746","2012-01-01T00:00:00Z","-1.57","PDO"
"747","2012-02-01T00:00:00Z","-0.89","PDO"
"748","2012-03-01T00:00:00Z","-1.0","PDO"
"749","2012-04-01T00:00:00Z","-0.33","PDO"
"750","2012-05-01T00:00:00Z","-1.22","PDO"
"751","2012-06-01T00:00:00Z","-1.02","PDO"
"752","2012-07-01T00:00:00Z","-1.65","PDO"
"753","2012-08-01T00:00:00Z","-1.66","PDO"
"754","2012-09-01T00:00:00Z","-2.03","PDO"
"755","2012-10-01T00:00:00Z","-0.55","PDO"
"756","2012-11-01T00:00:00Z","-0.23","PDO"
"757","2012-12-01T00:00:00Z","-0.98","PDO"
"758","2013-01-01T00:00:00Z","-0.64","PDO"
"759","2013-02-01T00:00:00Z","-0.78","PDO"
"760","2013-03-01T00:00:00Z","-0.76","PDO"
"761","2013-04-01T00:00:00Z","-0.16","PDO"
"762","2013-05-01T00:00:00Z","-0.06","PDO"
"763","2013-06-01T00:00:00Z","-1.06","PDO"
"764","2013-07-01T00:00:00Z","-1.09","PDO"
"765","2013-08-01T00:00:00Z","-1.18","PDO"
"766","2013-09-01T00:00:00Z","-0.61","PDO"
"767","2013-10-01T00:00:00Z","-1.24","PDO"
"768","2013-11-01T00:00:00Z","-0.97","PDO"
"769","2013-12-01T00:00:00Z","-1.04","PDO"
"770","2014-01-01T00:00:00Z","-0.6","PDO"
"771","2014-02-01T00:00:00Z","-0.25","PDO"
"772","2014-03-01T00:00:00Z","0.7","PDO"
"773","2014-04-01T00:00:00Z","0.8","PDO"
"774","2014-05-01T00:00:00Z","1.41","PDO"
"775","2014-06-01T00:00:00Z","-0.27","PDO"
"776","2014-07-01T00:00:00Z","0.46","PDO"
"777","2014-08-01T00:00:00Z","0.55","PDO"
"778","2014-09-01T00:00:00Z","0.74","PDO"
"779","2014-10-01T00:00:00Z","1.42","PDO"
"780","2014-11-01T00:00:00Z","1.4","PDO"
"781","2014-12-01T00:00:00Z","1.89","PDO"
"782","2015-01-01T00:00:00Z","1.64","PDO"
"783","2015-02-01T00:00:00Z","1.73","PDO"
"784","2015-03-01T00:00:00Z","1.66","PDO"
"785","2015-04-01T00:00:00Z","1.25","PDO"
"786","2015-05-01T00:00:00Z","0.76","PDO"
"787","2015-06-01T00:00:00Z","0.93","PDO"
"788","2015-07-01T00:00:00Z","1.58","PDO"
"789","2015-08-01T00:00:00Z","1.34","PDO"
"790","2015-09-01T00:00:00Z","1.35","PDO"
"791","2015-10-01T00:00:00Z","1.08","PDO"
"792","2015-11-01T00:00:00Z","0.36","PDO"
"793","2015-12-01T00:00:00Z","0.63","PDO"
"794","2016-01-01T00:00:00Z","1.29","PDO"
"795","2016-02-01T00:00:00Z","1.89","PDO"
"796","2016-03-01T00:00:00Z","2.37","PDO"
"797","2016-04-01T00:00:00Z","2.42","PDO"
"798","2016-05-01T00:00:00Z","2.08","PDO"
"799","2016-06-01T00:00:00Z","1.02","PDO"
"800","2016-07-01T00:00:00Z","0.74","PDO"
"801","2016-08-01T00:00:00Z","-0.13","PDO"
"802","2016-09-01T00:00:00Z","-0.4","PDO"
"803","2016-10-01T00:00:00Z","-0.08","PDO"
"804","2016-11-01T00:00:00Z","1.24","PDO"
"805","2016-12-01T00:00:00Z","0.86","PDO"
"806","2017-01-01T00:00:00Z","0.44","PDO"
"807","2017-02-01T00:00:00Z","0.69","PDO"
"808","2017-03-01T00:00:00Z","0.8","PDO"
"809","2017-04-01T00:00:00Z","1.15","PDO"
"810","2017-05-01T00:00:00Z","0.94","PDO"
"811","2017-06-01T00:00:00Z","0.58","PDO"
"812","2017-07-01T00:00:00Z","-0.12","PDO"
"813","2017-08-01T00:00:00Z","-0.05","PDO"
"814","2017-09-01T00:00:00Z","0.31","PDO"
"815","2017-10-01T00:00:00Z","-0.21","PDO"
"816","2017-11-01T00:00:00Z","-0.43","PDO"
"817","2017-12-01T00:00:00Z","-0.07","PDO"
"818","2018-01-01T00:00:00Z","0.44","PDO"
"819","2018-02-01T00:00:00Z","0.1","PDO"
"820","2018-03-01T00:00:00Z","-0.23","PDO"
"821","2018-04-01T00:00:00Z","-0.23","PDO"
"822","2018-05-01T00:00:00Z","0.0","PDO"
"823","2018-06-01T00:00:00Z","-0.53","PDO"
"824","2018-07-01T00:00:00Z","0.07","PDO"
"825","2018-08-01T00:00:00Z","0.03","PDO"
"826","2018-09-01T00:00:00Z","-0.08","PDO"
"827","2018-10-01T00:00:00Z","-0.41","PDO"
"828","2018-11-01T00:00:00Z","-0.58","PDO"
"829","2018-12-01T00:00:00Z","-0.09","PDO"
"830","2019-01-01T00:00:00Z","0.06","PDO"
"831","2019-02-01T00:00:00Z","-0.11","PDO"
"832","2019-03-01T00:00:00Z","0.32","PDO"
"833","2019-04-01T00:00:00Z","0.62","PDO"
"834","2019-05-01T00:00:00Z","0.59","PDO"
"835","2019-06-01T00:00:00Z","0.09","PDO"
"836","2019-07-01T00:00:00Z","0.76","PDO"
"837","2019-08-01T00:00:00Z","0.39","PDO"
"838","2019-09-01T00:00:00Z","0.28","PDO"
"839","2019-10-01T00:00:00Z","-0.69","PDO"
"840","2019-11-01T00:00:00Z","-0.47","PDO"
"841","2019-12-01T00:00:00Z","0.05","PDO"
"842","2020-01-01T00:00:00Z","-0.96","PDO"
"843","2020-02-01T00:00:00Z","-0.81","PDO"
"844","2020-03-01T00:00:00Z","-0.95","PDO"
"845","2020-04-01T00:00:00Z","-0.74","PDO"
"846","2020-05-01T00:00:00Z","-0.14","PDO"
"847","2020-06-01T00:00:00Z","-0.63","PDO"
"848","2020-07-01T00:00:00Z","-0.75","PDO"
"849","2020-08-01T00:00:00Z","-0.95","PDO"
"850","2020-09-01T00:00:00Z","-0.86","PDO"
"851","2020-10-01T00:00:00Z","-0.56","PDO"
"852","2020-11-01T00:00:00Z","-1.77","PDO"
"853","2020-12-01T00:00:00Z","-1.07","PDO"
"854","2021-01-01T00:00:00Z","-0.38","PDO"
"855","2021-02-01T00:00:00Z","-0.71","PDO"
"856","2021-03-01T00:00:00Z","-1.05","PDO"
"857","2021-04-01T00:00:00Z","-1.21","PDO"
"858","2021-05-01T00:00:00Z","-1.42","PDO"
"859","2021-06-01T00:00:00Z","-1.56","PDO"
"860","2021-07-01T00:00:00Z","-1.48","PDO"
"861","2021-08-01T00:00:00Z","-0.47","PDO"
"862","2021-09-01T00:00:00Z","-1.59","PDO"
"863","2021-10-01T00:00:00Z","-2.5","PDO"
"864","2021-11-01T00:00:00Z","-2.12","PDO"
"865","2021-12-01T00:00:00Z","-2.33","PDO"
"866","2022-01-01T00:00:00Z","-1.89","PDO"
"867","2022-02-01T00:00:00Z","-1.44","PDO"
"868","2022-03-01T00:00:00Z","-1.13","PDO"
"869","2022-04-01T00:00:00Z","-1.56","PDO"
"870","2022-05-01T00:00:00Z","-1.8","PDO"
"871","2022-06-01T00:00:00Z","-1.26","PDO"
"872","2022-07-01T00:00:00Z","-2.28","PDO"
"873","2022-08-01T00:00:00Z","-1.96","PDO"
"874","2022-09-01T00:00:00Z","-1.82","PDO"
"875","2022-10-01T00:00:00Z","-1.51","PDO"
"876","2022-11-01T00:00:00Z","-2.12","PDO"
"877","2022-12-01T00:00:00Z","-1.98","PDO"
"878","2023-01-01T00:00:00Z","-0.92","PDO"
"879","2023-02-01T00:00:00Z","-1.1","PDO"
"880","2023-03-01T00:00:00Z","-1.55","PDO"
